{"cameraMode":{"drawMode":0,"name":"Shaded","section":"Shading Mode"},"sceneLighting":true,"audioPlay":false,"sceneViewState":{"showFog":false,"showMaterialUpdate":false,"showSkybox":false,"showFlares":false,"showImageEffects":false,"showParticleSystems":false},"in2DMode":false,"pivot":{"x":-11.356124877929688,"y":47.99437713623047,"z":32.886871337890628},"rotation":{"x":0.17298607528209687,"y":-0.8249021172523499,"z":0.4116780161857605,"w":0.34661993384361269},"size":48.17035675048828,"orthographic":false}