{"cameraMode":{"drawMode":0,"name":"Shaded","section":"Shading Mode"},"sceneLighting":true,"audioPlay":false,"sceneViewState":{"showFog":false,"showMaterialUpdate":false,"showSkybox":false,"showFlares":false,"showImageEffects":false,"showParticleSystems":false},"in2DMode":false,"pivot":{"x":96.05780029296875,"y":2.2133216857910158,"z":361.656494140625},"rotation":{"x":0.08020626753568649,"y":-0.7008823156356812,"z":0.0798192098736763,"w":0.7042508125305176},"size":109.81680297851563,"orthographic":false}