{"cameraMode":{"drawMode":0,"name":"Shaded","section":"Shading Mode"},"sceneLighting":true,"audioPlay":false,"sceneViewState":{"showFog":false,"showMaterialUpdate":false,"showSkybox":false,"showFlares":false,"showImageEffects":false,"showParticleSystems":false},"in2DMode":false,"pivot":{"x":-78.32470703125,"y":-1184.934326171875,"z":1086.06201171875},"rotation":{"x":0.33197787404060366,"y":-0.002828638767823577,"z":0.0009994407882913948,"w":0.9432923793792725},"size":3547.4970703125,"orthographic":false}